Gender,Married,Dependents,Education,Self_Employed,ApplicantIncome,CoapplicantIncome,LoanAmount,Loan_Amount_Term,Credit_History,Property_Area,Loan_Status,ApplicantIncome_log,LoanAmount_log,Year,InterestRate
Male,No,0,Graduate,No,5849,0.0,128000.0,360.0,1.0,Urban,1,8.674025985443025,11.759785542901755,2022,2.1725
Male,Yes,1,Graduate,No,4583,1508.0,128000.0,360.0,1.0,Rural,0,8.430109084509125,11.759785542901755,2019,2.0125
Male,Yes,0,Graduate,Yes,3000,0.0,66000.0,360.0,1.0,Urban,1,8.006367567650246,11.097410021008562,2023,4.51
Male,Yes,0,Not Graduate,No,2583,2358.0,120000.0,360.0,1.0,Urban,1,7.8567067930958405,11.695247021764184,2020,1.855
Male,No,0,Graduate,No,6000,0.0,141000.0,360.0,1.0,Urban,1,8.699514748210191,11.856515169360305,2022,2.1725
Male,Yes,2,Graduate,Yes,5417,4196.0,267000.0,360.0,1.0,Urban,1,8.597297435657898,12.495003937382387,2018,2.185
Male,Yes,0,Not Graduate,No,2333,1516.0,95000.0,360.0,1.0,Urban,1,7.75491027202143,11.461632170582678,2022,2.1725
Male,Yes,3+,Graduate,No,3036,2504.0,158000.0,360.0,0.0,Semiurban,0,8.01829613851552,11.970350312009105,2023,4.51
Male,Yes,2,Graduate,No,4006,1526.0,168000.0,360.0,1.0,Urban,1,8.295548516225763,12.031719258385396,2020,1.855
Male,Yes,1,Graduate,No,12841,10968.0,349000.0,360.0,1.0,Semiurban,0,9.460398455831275,12.762827201184564,2019,2.0125
Male,Yes,2,Graduate,No,3200,700.0,70000.0,360.0,1.0,Urban,1,8.070906088787819,11.156250521031495,2023,4.51
Male,Yes,2,Graduate,No,2500,1840.0,109000.0,360.0,1.0,Urban,1,7.824046010856292,11.59910316121128,2023,4.51
Male,Yes,2,Graduate,No,3073,8106.0,200000.0,360.0,1.0,Urban,1,8.030409562130485,12.206072645530174,2018,2.185
Male,No,0,Graduate,No,1853,2840.0,114000.0,360.0,1.0,Rural,0,7.52456122628536,11.643953727376633,2021,1.8275000000000001
Male,Yes,2,Graduate,No,1299,1086.0,17000.0,120.0,1.0,Urban,1,7.1693500166706,9.740968623038354,2020,1.855
Male,No,0,Graduate,No,4950,0.0,125000.0,360.0,1.0,Urban,1,8.507142855562735,11.736069016284437,2017,2.3274999999999997
Male,No,1,Not Graduate,No,3596,0.0,100000.0,240.0,1.0,Urban,1,8.18757739559151,11.512925464970229,2023,4.51
Female,No,0,Graduate,No,3510,0.0,76000.0,360.0,0.0,Urban,0,8.163371316459912,11.238488619268468,2021,1.8275000000000001
Male,Yes,0,Not Graduate,No,4887,0.0,133000.0,360.0,1.0,Rural,0,8.494333897270154,11.79810440720389,2017,2.3274999999999997
Male,Yes,0,Graduate,No,2600,3500.0,115000.0,360.0,1.0,Urban,1,7.8632667240095735,11.652687407345388,2020,1.855
Male,Yes,0,Not Graduate,No,7660,0.0,104000.0,360.0,0.0,Urban,0,8.943767262734637,11.55214617812351,2016,2.51
Male,Yes,1,Graduate,No,5955,5625.0,315000.0,360.0,1.0,Urban,1,8.691986481789401,12.66032791780777,2021,1.8275000000000001
Male,Yes,0,Not Graduate,No,2600,1911.0,116000.0,360.0,0.0,Semiurban,0,7.8632667240095735,11.661345470088502,2024,4.5175
Male,Yes,2,Not Graduate,No,3365,1917.0,112000.0,360.0,0.0,Rural,0,8.121183242078828,11.626254150277232,2016,2.51
Male,Yes,1,Graduate,No,3717,2925.0,151000.0,360.0,1.0,Semiurban,0,8.220672170297252,11.925035115797062,2018,2.185
Male,Yes,0,Graduate,Yes,9560,0.0,191000.0,360.0,1.0,Semiurban,1,9.165343006045447,12.160028707028767,2022,2.1725
Male,Yes,0,Graduate,No,2799,2253.0,122000.0,360.0,1.0,Semiurban,1,7.937017489515454,11.711776323715394,2019,2.0125
Male,Yes,2,Not Graduate,No,4226,1040.0,110000.0,360.0,1.0,Urban,1,8.349011198176003,11.608235644774552,2024,4.5175
Male,No,0,Not Graduate,No,1442,0.0,35000.0,360.0,1.0,Urban,0,7.273786317844895,10.46310334047155,2018,2.185
Female,No,2,Graduate,No,3750,2083.0,120000.0,360.0,1.0,Semiurban,1,8.229511118964457,11.695247021764184,2020,1.855
Male,Yes,1,Graduate,No,4166,3369.0,201000.0,360.0,1.0,Urban,0,8.334711621820917,12.211060187041213,2018,2.185
Male,No,0,Graduate,No,3167,0.0,74000.0,360.0,1.0,Urban,0,8.06054004653864,11.211820372186306,2022,2.1725
Male,No,1,Graduate,Yes,4692,0.0,106000.0,360.0,1.0,Rural,0,8.453614209773367,11.571194373094205,2020,1.855
Male,Yes,0,Graduate,No,3500,1667.0,114000.0,360.0,1.0,Semiurban,1,8.160518247477505,11.643953727376633,2024,4.5175
Male,No,3+,Graduate,No,12500,3000.0,320000.0,360.0,1.0,Rural,0,9.433483923290392,12.676076274775909,2022,2.1725
Male,Yes,0,Graduate,No,2275,2067.0,128000.0,360.0,1.0,Urban,1,7.729735331385051,11.759785542901755,2017,2.3274999999999997
Male,Yes,0,Graduate,No,1828,1330.0,100000.0,360.0,0.0,Urban,0,7.510977752014095,11.512925464970229,2019,2.0125
Female,Yes,0,Graduate,No,3667,1459.0,144000.0,360.0,1.0,Semiurban,1,8.207129168071326,11.877568578558138,2024,4.5175
Male,No,0,Graduate,No,4166,7210.0,184000.0,360.0,1.0,Urban,1,8.334711621820917,12.122691036591123,2017,2.3274999999999997
Male,No,0,Not Graduate,No,3748,1668.0,110000.0,360.0,1.0,Semiurban,1,8.228977643358313,11.608235644774552,2024,4.5175
Male,No,0,Graduate,No,3600,0.0,80000.0,360.0,1.0,Urban,0,8.1886891244442,11.289781913656018,2020,1.855
Male,No,0,Graduate,No,1800,1213.0,47000.0,360.0,1.0,Urban,1,7.495541943884256,10.757902880692196,2017,2.3274999999999997
Male,Yes,0,Graduate,No,2400,0.0,75000.0,360.0,1.0,Urban,1,7.783224016336037,11.225243392518447,2019,2.0125
Male,Yes,0,Graduate,No,3941,2336.0,134000.0,360.0,1.0,Semiurban,1,8.279189777195004,11.805595078933049,2022,2.1725
Male,Yes,0,Not Graduate,Yes,4695,0.0,96000.0,360.0,1.0,Urban,1,8.454253391642363,11.472103470449973,2023,4.51
Female,No,0,Graduate,No,3410,0.0,88000.0,360.0,1.0,Urban,1,8.134467570277563,11.385092093460344,2018,2.185
Male,Yes,1,Graduate,No,5649,0.0,44000.0,360.0,1.0,Urban,1,8.639233817325263,10.691944912900398,2016,2.51
Male,Yes,0,Graduate,No,5821,0.0,144000.0,360.0,1.0,Urban,1,8.669227347271736,11.877568578558138,2019,2.0125
Female,Yes,0,Graduate,No,2645,3440.0,120000.0,360.0,0.0,Urban,0,7.8804263442924,11.695247021764184,2017,2.3274999999999997
Female,No,0,Graduate,No,4000,2275.0,144000.0,360.0,1.0,Semiurban,1,8.294049640102028,11.877568578558138,2023,4.51
Female,Yes,0,Not Graduate,No,1928,1644.0,100000.0,360.0,1.0,Semiurban,1,7.564238475170491,11.512925464970229,2019,2.0125
Female,No,0,Graduate,No,3086,0.0,120000.0,360.0,1.0,Semiurban,1,8.034631032923107,11.695247021764184,2017,2.3274999999999997
Female,No,0,Graduate,No,4230,0.0,112000.0,360.0,1.0,Semiurban,0,8.349957272040324,11.626254150277232,2021,1.8275000000000001
Male,Yes,2,Graduate,No,4616,0.0,134000.0,360.0,1.0,Urban,0,8.437283808187935,11.805595078933049,2021,1.8275000000000001
Female,Yes,1,Graduate,Yes,11500,0.0,286000.0,360.0,0.0,Urban,0,9.350102314351341,12.56374708980199,2019,2.0125
Male,Yes,2,Graduate,No,2708,1167.0,97000.0,360.0,1.0,Semiurban,1,7.903965634032166,11.48246625748552,2021,1.8275000000000001
Male,Yes,0,Graduate,No,2132,1591.0,96000.0,360.0,1.0,Semiurban,1,7.664815785285735,11.472103470449973,2017,2.3274999999999997
Male,Yes,0,Graduate,No,3366,2200.0,135000.0,360.0,1.0,Rural,0,8.121480374750751,11.813030057420567,2017,2.3274999999999997
Male,Yes,1,Graduate,No,8080,2250.0,180000.0,360.0,1.0,Urban,1,8.997147151515142,12.100712129872347,2019,2.0125
Male,Yes,2,Not Graduate,No,3357,2859.0,144000.0,360.0,1.0,Urban,1,8.118802996980035,11.877568578558138,2023,4.51
Male,Yes,0,Graduate,No,2500,3796.0,120000.0,360.0,1.0,Urban,1,7.824046010856292,11.695247021764184,2022,2.1725
Male,Yes,3+,Graduate,No,3029,0.0,99000.0,360.0,1.0,Urban,1,8.015987811027237,11.502875129116727,2024,4.5175
Male,Yes,0,Not Graduate,Yes,2609,3449.0,165000.0,180.0,0.0,Rural,0,7.866722285136729,12.013700752882718,2023,4.51
Male,Yes,1,Graduate,No,4945,0.0,128000.0,360.0,0.0,Rural,0,8.506132244056813,11.759785542901755,2020,1.855
Female,No,0,Graduate,No,4166,0.0,116000.0,360.0,0.0,Semiurban,0,8.334711621820917,11.661345470088502,2017,2.3274999999999997
Male,Yes,0,Graduate,No,5726,4595.0,258000.0,360.0,1.0,Semiurban,0,8.65277248565806,12.460714863903755,2020,1.855
Male,No,0,Not Graduate,No,3200,2254.0,126000.0,180.0,0.0,Urban,0,8.070906088787819,11.744037185933616,2023,4.51
Male,Yes,1,Graduate,No,10750,0.0,312000.0,360.0,1.0,Urban,1,9.28266103355581,12.65075846679162,2024,4.5175
Male,Yes,3+,Not Graduate,Yes,7100,0.0,125000.0,60.0,1.0,Urban,1,8.867850063029406,11.736069016284437,2024,4.5175
Female,No,0,Graduate,No,4300,0.0,136000.0,360.0,0.0,Semiurban,0,8.366370301681654,11.820410164718188,2016,2.51
Male,Yes,0,Graduate,No,3208,3066.0,172000.0,360.0,1.0,Urban,1,8.073402968986406,12.05524975579559,2024,4.5175
Male,Yes,2,Not Graduate,Yes,1875,1875.0,97000.0,360.0,1.0,Semiurban,1,7.536363938404511,11.48246625748552,2022,2.1725
Male,No,0,Graduate,No,3500,0.0,81000.0,300.0,1.0,Semiurban,1,8.160518247477505,11.302204433654575,2024,4.5175
Male,Yes,3+,Not Graduate,No,4755,0.0,95000.0,360.0,0.0,Semiurban,0,8.46695197497949,11.461632170582678,2023,4.51
Male,Yes,3+,Graduate,Yes,5266,1774.0,187000.0,360.0,1.0,Semiurban,1,8.569026340056254,12.138863895836725,2016,2.51
Male,No,0,Graduate,No,3750,0.0,113000.0,480.0,1.0,Urban,0,8.229511118964457,11.635143097694478,2023,4.51
Male,No,0,Graduate,No,3750,4750.0,176000.0,360.0,1.0,Urban,0,8.229511118964457,12.078239274020289,2023,4.51
Male,Yes,1,Graduate,Yes,1000,3022.0,110000.0,360.0,1.0,Urban,0,6.907755278982137,11.608235644774552,2018,2.185
Male,Yes,3+,Graduate,No,3167,4000.0,180000.0,300.0,0.0,Semiurban,0,8.06054004653864,12.100712129872347,2016,2.51
Male,Yes,3+,Not Graduate,Yes,3333,2166.0,130000.0,360.0,1.0,Semiurban,1,8.11162807830774,11.77528972943772,2023,4.51
Female,No,0,Graduate,No,3846,0.0,111000.0,360.0,1.0,Semiurban,1,8.254788926148725,11.617285480294472,2018,2.185
Male,Yes,1,Graduate,Yes,2395,0.0,128000.0,360.0,1.0,Semiurban,1,7.781138509845015,11.759785542901755,2018,2.185
Female,Yes,2,Graduate,No,1378,1881.0,167000.0,360.0,1.0,Urban,0,7.228388451573604,12.025749091398891,2016,2.51
Male,Yes,0,Graduate,No,6000,2250.0,265000.0,360.0,1.0,Semiurban,0,8.699514748210191,12.487485104968359,2020,1.855
Male,Yes,1,Graduate,No,3988,0.0,50000.0,240.0,1.0,Urban,1,8.291045131081729,10.819778284410283,2022,2.1725
Male,No,0,Graduate,No,2366,2531.0,136000.0,360.0,1.0,Semiurban,1,7.768956044538332,11.820410164718188,2024,4.5175
Male,Yes,2,Not Graduate,No,3333,2000.0,99000.0,360.0,1.0,Semiurban,1,8.11162807830774,11.502875129116727,2022,2.1725
Male,Yes,0,Graduate,No,2500,2118.0,104000.0,360.0,1.0,Semiurban,1,7.824046010856292,11.55214617812351,2024,4.5175
Male,No,0,Graduate,No,8566,0.0,210000.0,360.0,1.0,Urban,1,9.055556158175316,12.254862809699606,2023,4.51
Male,Yes,0,Graduate,No,5695,4167.0,175000.0,360.0,1.0,Semiurban,1,8.647343875881283,12.072541252905651,2017,2.3274999999999997
Male,Yes,0,Graduate,No,2958,2900.0,131000.0,360.0,1.0,Semiurban,1,7.992268643270745,11.782952602183288,2016,2.51
Male,Yes,2,Graduate,No,6250,5654.0,188000.0,180.0,1.0,Semiurban,1,8.740336742730447,12.144197241812087,2022,2.1725
Male,Yes,2,Not Graduate,No,3273,1820.0,81000.0,360.0,1.0,Urban,1,8.09346227450118,11.302204433654575,2022,2.1725
Male,No,0,Graduate,No,4133,0.0,122000.0,360.0,1.0,Semiurban,1,8.326758814511733,11.711776323715394,2023,4.51
Male,No,0,Not Graduate,No,3620,0.0,25000.0,120.0,1.0,Semiurban,1,8.194229304819817,10.126631103850338,2020,1.855
Male,No,0,Graduate,No,6782,0.0,128000.0,360.0,1.0,Urban,0,8.822027322685583,11.759785542901755,2018,2.185
Female,Yes,0,Graduate,No,2484,2302.0,137000.0,360.0,1.0,Semiurban,1,7.81762544305337,11.827736204810263,2023,4.51
Male,Yes,0,Graduate,No,1977,997.0,50000.0,360.0,1.0,Semiurban,1,7.589335823170617,10.819778284410283,2021,1.8275000000000001
Male,Yes,0,Not Graduate,No,4188,0.0,115000.0,180.0,1.0,Semiurban,1,8.339978571990427,11.652687407345388,2018,2.185
Male,Yes,0,Graduate,No,1759,3541.0,131000.0,360.0,1.0,Semiurban,1,7.472500744737558,11.782952602183288,2016,2.51
Male,Yes,2,Not Graduate,No,4288,3263.0,133000.0,180.0,1.0,Urban,1,8.363575702750637,11.79810440720389,2018,2.185
Male,No,0,Graduate,No,4843,3806.0,151000.0,360.0,1.0,Semiurban,1,8.48528964240323,11.925035115797062,2020,1.855
Male,Yes,0,Graduate,No,13650,0.0,128000.0,360.0,1.0,Urban,1,9.521494800613105,11.759785542901755,2018,2.185
Male,Yes,0,Graduate,No,4652,3583.0,128000.0,360.0,1.0,Semiurban,1,8.445052513638554,11.759785542901755,2016,2.51
Male,Yes,0,Graduate,No,3816,754.0,160000.0,360.0,1.0,Urban,1,8.246958032568177,11.982929094215963,2020,1.855
Male,Yes,1,Graduate,No,3052,1030.0,100000.0,360.0,1.0,Urban,1,8.023552392404348,11.512925464970229,2022,2.1725
Male,Yes,2,Graduate,No,11417,1126.0,225000.0,360.0,1.0,Urban,1,9.342858751676328,12.323855681186558,2022,2.1725
Male,No,0,Not Graduate,No,7333,0.0,120000.0,360.0,1.0,Rural,0,8.9001399880938,11.695247021764184,2024,4.5175
Male,Yes,2,Graduate,No,3800,3600.0,216000.0,360.0,0.0,Urban,0,8.242756345714477,12.283033686666302,2018,2.185
Male,Yes,3+,Not Graduate,No,2071,754.0,94000.0,480.0,1.0,Semiurban,1,7.635786861395585,11.451050061252142,2022,2.1725
Male,No,0,Graduate,No,5316,0.0,136000.0,360.0,1.0,Urban,1,8.578476419833136,11.820410164718188,2016,2.51
Female,Yes,0,Graduate,No,2929,2333.0,139000.0,360.0,1.0,Semiurban,1,7.982416346827733,11.842229212112828,2019,2.0125
Male,Yes,0,Not Graduate,No,3572,4114.0,152000.0,360.0,0.0,Rural,0,8.18088094199639,11.931635799828413,2019,2.0125
Female,No,1,Graduate,Yes,7451,0.0,128000.0,360.0,1.0,Semiurban,1,8.916103530553727,11.759785542901755,2020,1.855
Male,No,0,Graduate,No,5050,0.0,118000.0,360.0,1.0,Semiurban,1,8.527143522269405,11.678439903447801,2022,2.1725
Male,Yes,1,Graduate,No,14583,0.0,185000.0,180.0,1.0,Rural,1,9.587611745713565,12.128111104060462,2022,2.1725
Female,Yes,0,Graduate,No,3167,2283.0,154000.0,360.0,1.0,Semiurban,1,8.06054004653864,11.944707881395766,2019,2.0125
Male,Yes,1,Graduate,No,2214,1398.0,85000.0,360.0,1.0,Urban,1,7.7025561132685825,11.350406535472453,2022,2.1725
Male,Yes,0,Graduate,No,5568,2142.0,175000.0,360.0,1.0,Rural,0,8.624791202014256,12.072541252905651,2018,2.185
Female,No,0,Graduate,No,10408,0.0,259000.0,360.0,1.0,Urban,1,9.250330020192342,12.464583340681674,2021,1.8275000000000001
Male,Yes,0,Graduate,No,5667,2667.0,180000.0,360.0,1.0,Rural,1,8.64241515616962,12.100712129872347,2017,2.3274999999999997
Female,No,0,Graduate,No,4166,0.0,44000.0,360.0,1.0,Semiurban,1,8.334711621820917,10.691944912900398,2024,4.5175
Female,No,0,Graduate,No,2137,8980.0,137000.0,360.0,0.0,Semiurban,1,7.667158255319148,11.827736204810263,2020,1.855
Male,Yes,2,Graduate,No,2957,0.0,81000.0,360.0,1.0,Semiurban,1,7.9919305198524775,11.302204433654575,2021,1.8275000000000001
Male,Yes,0,Not Graduate,No,4300,2014.0,194000.0,360.0,1.0,Rural,1,8.366370301681654,12.175613438045465,2019,2.0125
Female,No,0,Graduate,No,3692,0.0,93000.0,360.0,1.0,Rural,1,8.213923595622743,11.440354772135393,2022,2.1725
Male,Yes,3+,Graduate,No,23803,0.0,370000.0,360.0,1.0,Rural,1,10.077566902136047,12.821258284620408,2024,4.5175
Male,No,0,Graduate,No,3865,1640.0,128000.0,360.0,1.0,Rural,1,8.259716961021523,11.759785542901755,2022,2.1725
Male,Yes,1,Graduate,Yes,10513,3850.0,160000.0,180.0,0.0,Urban,0,9.26036786557583,11.982929094215963,2016,2.51
Male,Yes,0,Graduate,No,6080,2569.0,182000.0,360.0,1.0,Rural,0,8.712759974960212,12.111761966058932,2016,2.51
Male,No,0,Graduate,Yes,20166,0.0,650000.0,480.0,1.0,Urban,1,9.91175329695316,13.38472764187182,2024,4.5175
Male,No,0,Graduate,No,2014,1929.0,74000.0,360.0,1.0,Urban,1,7.607878073278507,11.211820372186306,2024,4.5175
Male,No,0,Graduate,No,2718,0.0,70000.0,360.0,1.0,Semiurban,1,7.907651594711089,11.156250521031495,2019,2.0125
Male,Yes,0,Graduate,Yes,3459,0.0,25000.0,120.0,1.0,Semiurban,1,8.148734808937169,10.126631103850338,2024,4.5175
Male,No,0,Graduate,No,4895,0.0,102000.0,360.0,1.0,Semiurban,1,8.49596955496461,11.532728092266408,2018,2.185
Male,Yes,3+,Graduate,No,4000,7750.0,290000.0,360.0,1.0,Semiurban,0,8.294049640102028,12.577636201962656,2022,2.1725
Female,Yes,0,Graduate,No,4583,0.0,84000.0,360.0,1.0,Rural,0,8.430109084509125,11.33857207782545,2021,1.8275000000000001
Male,Yes,2,Graduate,Yes,3316,3500.0,88000.0,360.0,1.0,Urban,1,8.106514516255185,11.385092093460344,2023,4.51
Male,No,0,Graduate,No,14999,0.0,242000.0,360.0,0.0,Semiurban,0,9.61573881119536,12.396693005138824,2024,4.5175
Male,Yes,2,Not Graduate,No,4200,1430.0,129000.0,360.0,1.0,Rural,0,8.34283980427146,11.76756768334381,2020,1.855
Male,Yes,2,Graduate,No,5042,2083.0,185000.0,360.0,1.0,Rural,0,8.525558107747866,12.128111104060462,2016,2.51
Male,No,0,Graduate,No,5417,0.0,168000.0,360.0,1.0,Urban,1,8.597297435657898,12.031719258385396,2018,2.185
Male,No,0,Graduate,Yes,6950,0.0,175000.0,180.0,1.0,Semiurban,1,8.846496938558838,12.072541252905651,2023,4.51
Male,Yes,0,Graduate,No,2698,2034.0,122000.0,360.0,1.0,Semiurban,1,7.900266036767701,11.711776323715394,2021,1.8275000000000001
Male,Yes,2,Graduate,No,11757,0.0,187000.0,180.0,1.0,Urban,1,9.372204086867741,12.138863895836725,2023,4.51
Female,Yes,0,Graduate,No,2330,4486.0,100000.0,360.0,1.0,Semiurban,1,7.753623546559746,11.512925464970229,2024,4.5175
Female,Yes,2,Graduate,No,14866,0.0,70000.0,360.0,1.0,Urban,1,9.60683200528524,11.156250521031495,2019,2.0125
Male,Yes,1,Graduate,No,1538,1425.0,30000.0,360.0,1.0,Urban,1,7.338238150065589,10.308952660644293,2016,2.51
Female,No,0,Graduate,No,10000,1666.0,225000.0,360.0,1.0,Rural,0,9.210340371976184,12.323855681186558,2016,2.51
Male,Yes,0,Graduate,No,4860,830.0,125000.0,360.0,1.0,Semiurban,1,8.48879371689454,11.736069016284437,2019,2.0125
Male,No,0,Graduate,No,6277,0.0,118000.0,360.0,0.0,Rural,0,8.744647438317532,11.678439903447801,2022,2.1725
Male,Yes,0,Graduate,Yes,2577,3750.0,152000.0,360.0,1.0,Rural,1,7.854381210652365,11.931635799828413,2017,2.3274999999999997
Male,No,0,Graduate,No,9166,0.0,244000.0,360.0,1.0,Urban,0,9.123256265069069,12.404923504275338,2018,2.185
Male,Yes,2,Not Graduate,No,2281,0.0,113000.0,360.0,1.0,Rural,0,7.732369222284388,11.635143097694478,2016,2.51
Male,No,0,Graduate,No,3254,0.0,50000.0,360.0,1.0,Urban,1,8.087640287778983,10.819778284410283,2020,1.855
Male,Yes,3+,Graduate,No,39999,0.0,600000.0,180.0,0.0,Semiurban,1,10.596609732783568,13.304684934198283,2016,2.51
Male,Yes,1,Graduate,No,6000,0.0,160000.0,360.0,1.0,Rural,1,8.699514748210191,11.982929094215963,2023,4.51
Male,Yes,1,Graduate,No,9538,0.0,187000.0,360.0,1.0,Urban,1,9.16303909885817,12.138863895836725,2016,2.51
Male,No,0,Graduate,No,2980,2083.0,120000.0,360.0,1.0,Rural,1,7.9996785794994505,11.695247021764184,2016,2.51
Male,Yes,0,Graduate,No,4583,5625.0,255000.0,360.0,1.0,Semiurban,1,8.430109084509125,12.449018824140563,2017,2.3274999999999997
Male,Yes,0,Not Graduate,No,1863,1041.0,98000.0,360.0,1.0,Semiurban,1,7.529943370601589,11.49272275765271,2017,2.3274999999999997
Male,Yes,0,Graduate,No,7933,0.0,275000.0,360.0,1.0,Urban,0,8.978786553302003,12.524526376648708,2021,1.8275000000000001
Male,Yes,1,Graduate,No,3089,1280.0,121000.0,360.0,0.0,Semiurban,0,8.035602692918582,11.703545824578878,2022,2.1725
Male,Yes,2,Graduate,No,4167,1447.0,158000.0,360.0,1.0,Rural,1,8.334951631422454,11.970350312009105,2020,1.855
Male,Yes,0,Graduate,No,9323,0.0,75000.0,180.0,1.0,Urban,1,9.140239744296693,11.225243392518447,2016,2.51
Male,Yes,0,Graduate,No,3707,3166.0,182000.0,360.0,1.0,Rural,1,8.217978203150732,12.111761966058932,2016,2.51
Female,Yes,0,Graduate,No,4583,0.0,112000.0,360.0,1.0,Rural,0,8.430109084509125,11.626254150277232,2018,2.185
Male,Yes,0,Graduate,No,2439,3333.0,129000.0,360.0,1.0,Rural,1,7.79934339821592,11.76756768334381,2017,2.3274999999999997
Male,No,0,Graduate,No,2237,0.0,63000.0,480.0,0.0,Semiurban,0,7.71289096149013,11.05089000537367,2020,1.855
Male,Yes,2,Graduate,No,8000,0.0,200000.0,360.0,1.0,Semiurban,1,8.987196820661973,12.206072645530174,2021,1.8275000000000001
Male,Yes,0,Not Graduate,No,1820,1769.0,95000.0,360.0,1.0,Rural,1,7.506591780070841,11.461632170582678,2022,2.1725
Male,Yes,3+,Graduate,No,51763,0.0,700000.0,300.0,1.0,Urban,1,10.854430887309706,13.458835614025542,2019,2.0125
Male,Yes,3+,Not Graduate,No,3522,0.0,81000.0,180.0,1.0,Rural,0,8.166784289056151,11.302204433654575,2022,2.1725
Male,Yes,0,Graduate,No,5708,5625.0,187000.0,360.0,1.0,Semiurban,1,8.649623978596727,12.138863895836725,2023,4.51
Male,Yes,0,Not Graduate,Yes,4344,736.0,87000.0,360.0,1.0,Semiurban,0,8.37655086161377,11.37366339763672,2016,2.51
Male,Yes,0,Graduate,No,3497,1964.0,116000.0,360.0,1.0,Rural,1,8.159660737063376,11.661345470088502,2021,1.8275000000000001
Male,Yes,2,Graduate,No,2045,1619.0,101000.0,360.0,1.0,Rural,1,7.623153068476902,11.522875795823397,2023,4.51
Male,Yes,3+,Graduate,No,5516,11300.0,495000.0,360.0,0.0,Semiurban,0,8.615408238913192,13.112313041550827,2020,1.855
Male,Yes,1,Graduate,No,3750,0.0,116000.0,360.0,1.0,Semiurban,1,8.229511118964457,11.661345470088502,2019,2.0125
Male,No,0,Not Graduate,No,2333,1451.0,102000.0,480.0,0.0,Urban,0,7.75491027202143,11.532728092266408,2017,2.3274999999999997
Male,Yes,1,Graduate,No,6400,7250.0,180000.0,360.0,0.0,Urban,0,8.764053269347762,12.100712129872347,2021,1.8275000000000001
Male,No,0,Graduate,No,1916,5063.0,67000.0,360.0,1.0,Rural,0,7.557994958530806,11.112447898373103,2021,1.8275000000000001
Male,Yes,0,Graduate,No,4600,0.0,73000.0,180.0,1.0,Semiurban,1,8.433811582477187,11.198214720130528,2016,2.51
Male,Yes,1,Graduate,No,33846,0.0,260000.0,360.0,1.0,Semiurban,0,10.429576102968031,12.468436909997665,2024,4.5175
Female,Yes,0,Graduate,No,3625,0.0,108000.0,360.0,1.0,Semiurban,1,8.195609567288775,11.589886506106357,2021,1.8275000000000001
Male,Yes,0,Graduate,Yes,39147,4750.0,120000.0,360.0,1.0,Semiurban,1,10.575079070130357,11.695247021764184,2018,2.185
Male,Yes,1,Graduate,Yes,2178,0.0,66000.0,300.0,0.0,Rural,0,7.686162303492906,11.097410021008562,2019,2.0125
Male,Yes,0,Graduate,No,2383,2138.0,58000.0,360.0,1.0,Rural,1,7.776115477098742,10.968198289528557,2019,2.0125
Male,Yes,0,Graduate,Yes,674,5296.0,168000.0,360.0,1.0,Rural,1,6.513230110912307,12.031719258385396,2018,2.185
Male,Yes,0,Graduate,No,9328,0.0,188000.0,180.0,1.0,Rural,1,9.140775908590273,12.144197241812087,2018,2.185
Male,No,0,Not Graduate,No,4885,0.0,48000.0,360.0,1.0,Rural,1,8.493924564476883,10.778956289890028,2018,2.185
Male,No,0,Graduate,No,12000,0.0,164000.0,360.0,1.0,Semiurban,0,9.392661928770137,12.007621706806335,2019,2.0125
Male,Yes,0,Not Graduate,No,6033,0.0,160000.0,360.0,1.0,Urban,0,8.704999678440762,11.982929094215963,2022,2.1725
Male,No,0,Graduate,No,3858,0.0,76000.0,360.0,1.0,Semiurban,1,8.257904193465674,11.238488619268468,2019,2.0125
Male,No,0,Graduate,No,4191,0.0,120000.0,360.0,1.0,Rural,1,8.340694647925071,11.695247021764184,2024,4.5175
Male,Yes,1,Graduate,No,3125,2583.0,170000.0,360.0,1.0,Semiurban,0,8.047189562170502,12.043553716032399,2016,2.51
Male,No,0,Graduate,No,8333,3750.0,187000.0,360.0,1.0,Rural,1,9.027978814382207,12.138863895836725,2023,4.51
Female,No,0,Not Graduate,No,1907,2365.0,120000.0,360.0,1.0,Urban,1,7.553286605600419,11.695247021764184,2022,2.1725
Female,Yes,0,Graduate,No,3416,2816.0,113000.0,360.0,1.0,Semiurban,1,8.13622555490846,11.635143097694478,2017,2.3274999999999997
Male,No,0,Graduate,Yes,11000,0.0,83000.0,360.0,1.0,Urban,0,9.305650551780507,11.326595886778735,2023,4.51
Male,Yes,1,Not Graduate,No,2600,2500.0,90000.0,360.0,1.0,Semiurban,1,7.8632667240095735,11.407564949312402,2016,2.51
Male,No,2,Graduate,No,4923,0.0,166000.0,360.0,0.0,Semiurban,1,8.5016733797582,12.01974306733868,2024,4.5175
Male,Yes,3+,Not Graduate,No,3992,0.0,128000.0,180.0,1.0,Urban,0,8.292047637431354,11.759785542901755,2024,4.5175
Male,Yes,1,Not Graduate,No,3500,1083.0,135000.0,360.0,1.0,Urban,1,8.160518247477505,11.813030057420567,2017,2.3274999999999997
Male,Yes,2,Not Graduate,No,3917,0.0,124000.0,360.0,1.0,Semiurban,1,8.27308133366583,11.728036844587175,2022,2.1725
Female,No,0,Not Graduate,No,4408,0.0,120000.0,360.0,1.0,Semiurban,1,8.391176350832751,11.695247021764184,2018,2.185
Female,No,0,Graduate,No,3244,0.0,80000.0,360.0,1.0,Urban,1,8.084562415235304,11.289781913656018,2022,2.1725
Male,No,0,Not Graduate,No,3975,2531.0,55000.0,360.0,1.0,Rural,1,8.287780027088433,10.915088464214607,2024,4.5175
Male,No,0,Graduate,No,2479,0.0,59000.0,360.0,1.0,Urban,1,7.8156105320351905,10.985292722887856,2019,2.0125
Male,No,0,Graduate,No,3418,0.0,127000.0,360.0,1.0,Semiurban,0,8.136810863675537,11.751942365440728,2016,2.51
Female,No,0,Graduate,No,10000,0.0,214000.0,360.0,1.0,Semiurban,0,9.210340371976184,12.273731294003989,2017,2.3274999999999997
Male,Yes,3+,Graduate,No,3430,1250.0,128000.0,360.0,0.0,Semiurban,0,8.140315540159985,11.759785542901755,2016,2.51
Male,Yes,1,Graduate,Yes,7787,0.0,240000.0,360.0,1.0,Urban,1,8.960210955576986,12.388394202324129,2020,1.855
Male,Yes,3+,Not Graduate,Yes,5703,0.0,130000.0,360.0,1.0,Rural,1,8.648747631156539,11.77528972943772,2020,1.855
Male,Yes,0,Graduate,No,3173,3021.0,137000.0,360.0,1.0,Urban,1,8.062432791583195,11.827736204810263,2022,2.1725
Male,Yes,3+,Not Graduate,No,3850,983.0,100000.0,360.0,1.0,Semiurban,1,8.25582842728183,11.512925464970229,2024,4.5175
Male,Yes,0,Graduate,No,150,1800.0,135000.0,360.0,1.0,Rural,0,5.0106352940962555,11.813030057420567,2024,4.5175
Male,Yes,0,Graduate,No,3727,1775.0,131000.0,360.0,1.0,Semiurban,1,8.223358899479258,11.782952602183288,2018,2.185
Male,Yes,2,Graduate,No,5000,0.0,72000.0,360.0,0.0,Semiurban,0,8.517193191416238,11.184421397998193,2018,2.185
Female,Yes,2,Graduate,No,4283,2383.0,127000.0,360.0,1.0,Semiurban,1,8.36240897761537,11.751942365440728,2018,2.185
Male,Yes,0,Graduate,No,2221,0.0,60000.0,360.0,0.0,Urban,0,7.7057128238944275,11.002099841204238,2019,2.0125
Male,Yes,2,Graduate,No,4009,1717.0,116000.0,360.0,1.0,Semiurban,1,8.296297112642508,11.661345470088502,2023,4.51
Male,No,0,Graduate,No,2971,2791.0,144000.0,360.0,1.0,Semiurban,1,7.9966538754626075,11.877568578558138,2021,1.8275000000000001
Male,Yes,0,Graduate,No,7578,1010.0,175000.0,360.0,1.0,Semiurban,1,8.933004591578547,12.072541252905651,2023,4.51
Male,Yes,0,Graduate,No,6250,0.0,128000.0,360.0,1.0,Semiurban,1,8.740336742730447,11.759785542901755,2016,2.51
Male,Yes,0,Graduate,No,3250,0.0,170000.0,360.0,1.0,Rural,0,8.086410275323782,12.043553716032399,2023,4.51
Male,Yes,0,Not Graduate,Yes,4735,0.0,138000.0,360.0,1.0,Urban,0,8.462737005620179,11.835008964139341,2019,2.0125
Male,Yes,2,Graduate,No,6250,1695.0,210000.0,360.0,1.0,Semiurban,1,8.740336742730447,12.254862809699606,2016,2.51
Male,Yes,0,Graduate,No,4758,0.0,158000.0,480.0,1.0,Semiurban,1,8.467582690862903,11.970350312009105,2023,4.51
Male,No,0,Graduate,Yes,6400,0.0,200000.0,360.0,1.0,Rural,1,8.764053269347762,12.206072645530174,2019,2.0125
Male,Yes,1,Graduate,No,2491,2054.0,104000.0,360.0,1.0,Semiurban,1,7.820439515262181,11.55214617812351,2021,1.8275000000000001
Male,Yes,0,Graduate,No,3716,0.0,42000.0,180.0,1.0,Rural,1,8.22040309993373,10.645424897265505,2023,4.51
Male,No,0,Not Graduate,No,3189,2598.0,120000.0,360.0,1.0,Rural,1,8.067462667010057,11.695247021764184,2019,2.0125
Female,No,0,Graduate,No,8333,0.0,280000.0,360.0,1.0,Semiurban,1,9.027978814382207,12.542544882151386,2018,2.185
Male,Yes,1,Graduate,No,3155,1779.0,140000.0,360.0,1.0,Semiurban,1,8.056743774975313,11.84939770159144,2024,4.5175
Male,Yes,1,Graduate,No,5500,1260.0,170000.0,360.0,1.0,Rural,1,8.612503371220562,12.043553716032399,2018,2.185
Male,Yes,0,Graduate,No,5746,0.0,255000.0,360.0,1.0,Urban,0,8.656259239539235,12.449018824140563,2024,4.5175
Female,No,0,Graduate,Yes,3463,0.0,122000.0,360.0,1.0,Urban,1,8.149890544402423,11.711776323715394,2017,2.3274999999999997
Female,No,1,Graduate,No,3812,0.0,112000.0,360.0,1.0,Rural,1,8.245909264774093,11.626254150277232,2017,2.3274999999999997
Male,Yes,1,Graduate,No,3315,0.0,96000.0,360.0,1.0,Semiurban,1,8.106212902619962,11.472103470449973,2017,2.3274999999999997
Male,Yes,2,Graduate,No,5819,5000.0,120000.0,360.0,1.0,Rural,1,8.66888370465667,11.695247021764184,2021,1.8275000000000001
Male,Yes,1,Not Graduate,No,2510,1983.0,140000.0,180.0,1.0,Urban,0,7.828038032125829,11.84939770159144,2018,2.185
Male,No,0,Graduate,No,2965,5701.0,155000.0,60.0,1.0,Urban,1,7.994632311431825,11.951180395901384,2024,4.5175
Male,Yes,2,Graduate,Yes,6250,1300.0,108000.0,360.0,1.0,Rural,1,8.740336742730447,11.589886506106357,2019,2.0125
Male,Yes,0,Not Graduate,No,3406,4417.0,123000.0,360.0,1.0,Semiurban,1,8.133293861222633,11.719939634354555,2016,2.51
Male,No,0,Graduate,Yes,6050,4333.0,120000.0,180.0,1.0,Urban,0,8.707813551024888,11.695247021764184,2019,2.0125
Male,Yes,2,Graduate,No,9703,0.0,112000.0,360.0,1.0,Urban,1,9.1801903950253,11.626254150277232,2016,2.51
Male,Yes,1,Not Graduate,No,6608,0.0,137000.0,180.0,1.0,Urban,1,8.796036315200814,11.827736204810263,2020,1.855
Male,Yes,1,Graduate,No,2882,1843.0,123000.0,480.0,1.0,Semiurban,1,7.966239776559467,11.719939634354555,2019,2.0125
Male,Yes,0,Graduate,No,1809,1868.0,90000.0,360.0,1.0,Urban,1,7.500529485395295,11.407564949312402,2023,4.51
Male,Yes,0,Not Graduate,No,1668,3890.0,201000.0,360.0,0.0,Semiurban,0,7.419380582918692,12.211060187041213,2023,4.51
Female,No,2,Graduate,No,3427,0.0,138000.0,360.0,1.0,Urban,0,8.139440521874608,11.835008964139341,2022,2.1725
Male,No,0,Not Graduate,Yes,2583,2167.0,104000.0,360.0,1.0,Rural,1,7.8567067930958405,11.55214617812351,2018,2.185
Male,Yes,1,Not Graduate,No,2661,7101.0,279000.0,180.0,1.0,Semiurban,1,7.886457270977689,12.538967060803502,2016,2.51
Male,No,0,Graduate,Yes,16250,0.0,192000.0,360.0,0.0,Urban,0,9.695848187757884,12.165250651009918,2016,2.51
Female,No,3+,Graduate,No,3083,0.0,255000.0,360.0,1.0,Rural,1,8.03365842788615,12.449018824140563,2018,2.185
Male,No,0,Not Graduate,No,6045,0.0,115000.0,360.0,0.0,Rural,0,8.706986763048892,11.652687407345388,2021,1.8275000000000001
Male,Yes,3+,Graduate,No,5250,0.0,94000.0,360.0,1.0,Urban,0,8.565983355585669,11.451050061252142,2022,2.1725
Male,Yes,0,Graduate,No,14683,2100.0,304000.0,360.0,1.0,Rural,0,9.594445640962938,12.624782980388359,2021,1.8275000000000001
Male,Yes,3+,Not Graduate,No,4931,0.0,128000.0,360.0,1.0,Semiurban,0,8.503297086224126,11.759785542901755,2021,1.8275000000000001
Male,Yes,1,Graduate,No,6083,4250.0,330000.0,360.0,1.0,Urban,1,8.713253274320705,12.706847933442663,2021,1.8275000000000001
Male,No,0,Graduate,No,2060,2209.0,134000.0,360.0,1.0,Semiurban,1,7.630461261783627,11.805595078933049,2018,2.185
Female,No,1,Graduate,No,3481,0.0,155000.0,36.0,1.0,Semiurban,0,8.15507488781144,11.951180395901384,2021,1.8275000000000001
Female,No,0,Graduate,No,7200,0.0,120000.0,360.0,1.0,Rural,1,8.881836305004146,11.695247021764184,2023,4.51
Male,No,0,Graduate,Yes,5166,0.0,128000.0,360.0,1.0,Semiurban,1,8.549853973655786,11.759785542901755,2017,2.3274999999999997
Male,No,0,Graduate,No,4095,3447.0,151000.0,360.0,1.0,Rural,1,8.31752199628717,11.925035115797062,2020,1.855
Male,Yes,2,Graduate,No,4708,1387.0,150000.0,360.0,1.0,Semiurban,1,8.457018468380168,11.918390573078392,2016,2.51
Male,Yes,3+,Graduate,No,4333,1811.0,160000.0,360.0,0.0,Urban,1,8.374015421739909,11.982929094215963,2016,2.51
Female,No,0,Graduate,No,3418,0.0,135000.0,360.0,1.0,Rural,0,8.136810863675537,11.813030057420567,2020,1.855
Female,No,1,Graduate,No,2876,1560.0,90000.0,360.0,1.0,Urban,1,7.964155718840937,11.407564949312402,2018,2.185
Female,No,0,Graduate,No,3237,0.0,30000.0,360.0,1.0,Urban,1,8.082402253926244,10.308952660644293,2019,2.0125
Male,Yes,0,Graduate,No,11146,0.0,136000.0,360.0,1.0,Urban,1,9.318835968129482,11.820410164718188,2018,2.185
Male,No,0,Graduate,No,2833,1857.0,126000.0,360.0,1.0,Rural,1,7.949091499830517,11.744037185933616,2016,2.51
Male,Yes,0,Graduate,No,2620,2223.0,150000.0,360.0,1.0,Semiurban,1,7.8709295967551425,11.918390573078392,2016,2.51
Male,Yes,2,Graduate,No,3900,0.0,90000.0,360.0,1.0,Semiurban,1,8.268731832117737,11.407564949312402,2020,1.855
Male,Yes,1,Graduate,No,2750,1842.0,115000.0,360.0,1.0,Semiurban,1,7.919356190660617,11.652687407345388,2021,1.8275000000000001
Male,Yes,0,Graduate,No,3993,3274.0,207000.0,360.0,1.0,Semiurban,1,8.292298107063221,12.240474072247506,2018,2.185
Male,Yes,0,Graduate,No,3103,1300.0,80000.0,360.0,1.0,Urban,1,8.04012466444838,11.289781913656018,2024,4.5175
Male,Yes,0,Graduate,No,14583,0.0,436000.0,360.0,1.0,Semiurban,1,9.587611745713565,12.985397522331171,2020,1.855
Female,Yes,0,Not Graduate,No,4100,0.0,124000.0,360.0,1.0,Rural,1,8.318742252692399,11.728036844587175,2023,4.51
Male,No,1,Not Graduate,Yes,4053,2426.0,158000.0,360.0,0.0,Urban,0,8.307212626628308,11.970350312009105,2016,2.51
Male,Yes,0,Graduate,No,3927,800.0,112000.0,360.0,1.0,Semiurban,1,8.27563105457801,11.626254150277232,2020,1.855
Male,Yes,2,Graduate,No,2301,985.7999878,78000.0,180.0,1.0,Urban,1,7.741099090035366,11.26446410567173,2018,2.185
Female,No,0,Graduate,No,1811,1666.0,54000.0,360.0,1.0,Urban,1,7.501634457883413,10.896739325546411,2016,2.51
Male,Yes,0,Graduate,No,20667,0.0,128000.0,360.0,1.0,Rural,0,9.936293504261306,11.759785542901755,2019,2.0125
Male,No,0,Graduate,No,3158,3053.0,89000.0,360.0,1.0,Rural,1,8.057694194815587,11.396391648714276,2020,1.855
Female,No,0,Graduate,Yes,2600,1717.0,99000.0,300.0,1.0,Semiurban,0,7.8632667240095735,11.502875129116727,2022,2.1725
Male,Yes,0,Graduate,No,3704,2000.0,120000.0,360.0,1.0,Rural,1,8.21716859576607,11.695247021764184,2016,2.51
Female,No,0,Graduate,No,4124,0.0,115000.0,360.0,1.0,Semiurban,1,8.32457884513685,11.652687407345388,2018,2.185
Male,No,0,Graduate,No,9508,0.0,187000.0,360.0,1.0,Rural,1,9.159888828480085,12.138863895836725,2017,2.3274999999999997
Male,Yes,0,Graduate,No,3075,2416.0,139000.0,360.0,1.0,Rural,1,8.031060180240619,11.842229212112828,2024,4.5175
Male,Yes,2,Graduate,No,4400,0.0,127000.0,360.0,0.0,Semiurban,0,8.389359819906353,11.751942365440728,2021,1.8275000000000001
Male,Yes,2,Graduate,No,3153,1560.0,134000.0,360.0,1.0,Urban,1,8.056109659545061,11.805595078933049,2018,2.185
Female,No,0,Graduate,No,5417,0.0,143000.0,480.0,0.0,Urban,0,8.597297435657898,11.870599909242044,2023,4.51
Male,Yes,0,Graduate,No,2383,3334.0,172000.0,360.0,1.0,Semiurban,1,7.776115477098742,12.05524975579559,2023,4.51
Male,Yes,3+,Graduate,No,4416,1250.0,110000.0,360.0,1.0,Urban,1,8.392989587956931,11.608235644774552,2017,2.3274999999999997
Male,Yes,1,Graduate,No,6875,0.0,200000.0,360.0,1.0,Semiurban,1,8.835646922534773,12.206072645530174,2021,1.8275000000000001
Female,Yes,1,Graduate,No,4666,0.0,135000.0,360.0,1.0,Urban,1,8.448057452581375,11.813030057420567,2022,2.1725
Female,No,0,Graduate,No,5000,2541.0,151000.0,480.0,1.0,Rural,0,8.517193191416238,11.925035115797062,2017,2.3274999999999997
Male,Yes,1,Graduate,No,2014,2925.0,113000.0,360.0,1.0,Urban,0,7.607878073278507,11.635143097694478,2017,2.3274999999999997
Male,Yes,0,Not Graduate,No,1800,2934.0,93000.0,360.0,0.0,Urban,0,7.495541943884256,11.440354772135393,2016,2.51
Male,Yes,0,Not Graduate,No,2875,1750.0,105000.0,360.0,1.0,Semiurban,1,7.963807953231451,11.56171562913966,2023,4.51
Female,No,0,Graduate,No,5000,0.0,132000.0,360.0,1.0,Rural,1,8.517193191416238,11.790557201568507,2016,2.51
Male,Yes,1,Graduate,No,1625,1803.0,96000.0,360.0,1.0,Urban,1,7.393263094763838,11.472103470449973,2024,4.5175
Male,No,0,Graduate,No,4000,2500.0,140000.0,360.0,1.0,Rural,1,8.294049640102028,11.84939770159144,2021,1.8275000000000001
Male,No,0,Not Graduate,No,2000,0.0,128000.0,360.0,1.0,Urban,0,7.600902459542082,11.759785542901755,2022,2.1725
Female,No,0,Graduate,No,3762,1666.0,135000.0,360.0,1.0,Rural,1,8.232706009860976,11.813030057420567,2022,2.1725
Female,No,0,Graduate,No,2400,1863.0,104000.0,360.0,0.0,Urban,0,7.783224016336037,11.55214617812351,2018,2.185
Male,No,0,Graduate,No,20233,0.0,480000.0,360.0,1.0,Rural,0,9.915070213779195,13.081541382884074,2017,2.3274999999999997
Male,Yes,2,Not Graduate,No,7667,0.0,185000.0,360.0,1.0,Rural,1,8.944680683558895,12.128111104060462,2024,4.5175
Female,No,0,Graduate,No,2917,0.0,84000.0,360.0,1.0,Semiurban,1,7.978310969867722,11.33857207782545,2023,4.51
Male,No,0,Not Graduate,No,2927,2405.0,111000.0,360.0,1.0,Semiurban,1,7.9817332866918855,11.617285480294472,2022,2.1725
Female,No,0,Graduate,No,2507,0.0,56000.0,360.0,1.0,Rural,1,7.826842098158293,10.933106969717286,2024,4.5175
Male,Yes,2,Graduate,Yes,5746,0.0,144000.0,84.0,1.0,Rural,1,8.656259239539235,11.877568578558138,2019,2.0125
Male,Yes,0,Graduate,No,2473,1843.0,159000.0,360.0,1.0,Rural,0,7.813187267521416,11.976659481202368,2019,2.0125
Male,Yes,1,Not Graduate,No,3399,1640.0,111000.0,180.0,1.0,Urban,1,8.131236549696116,11.617285480294472,2016,2.51
Male,Yes,2,Graduate,No,3717,0.0,120000.0,360.0,1.0,Semiurban,1,8.220672170297252,11.695247021764184,2023,4.51
Male,Yes,0,Graduate,No,2058,2134.0,88000.0,360.0,1.0,Urban,1,7.629489916393995,11.385092093460344,2018,2.185
Female,No,1,Graduate,No,3541,0.0,112000.0,360.0,1.0,Semiurban,1,8.172164452111904,11.626254150277232,2022,2.1725
Male,Yes,1,Graduate,Yes,10000,0.0,155000.0,360.0,1.0,Rural,0,9.210340371976184,11.951180395901384,2017,2.3274999999999997
Male,Yes,0,Graduate,No,2400,2167.0,115000.0,360.0,1.0,Semiurban,1,7.783224016336037,11.652687407345388,2017,2.3274999999999997
Male,Yes,3+,Graduate,No,4342,189.0,124000.0,360.0,1.0,Semiurban,1,8.376090350438238,11.728036844587175,2022,2.1725
Male,Yes,2,Not Graduate,No,3601,1590.0,128000.0,360.0,1.0,Rural,1,8.188966863648876,11.759785542901755,2021,1.8275000000000001
Female,No,0,Graduate,No,3166,2985.0,132000.0,360.0,1.0,Rural,1,8.060224240440958,11.790557201568507,2018,2.185
Male,Yes,3+,Graduate,No,15000,0.0,300000.0,360.0,1.0,Rural,1,9.615805480084347,12.611537753638338,2024,4.5175
Male,Yes,1,Graduate,Yes,8666,4983.0,376000.0,360.0,0.0,Rural,0,9.067162602299854,12.837344422372032,2021,1.8275000000000001
Male,No,0,Graduate,No,4917,0.0,130000.0,360.0,0.0,Rural,1,8.50045386741194,11.77528972943772,2021,1.8275000000000001
Male,Yes,0,Graduate,Yes,5818,2160.0,184000.0,360.0,1.0,Semiurban,1,8.668711839055147,12.122691036591123,2016,2.51
Female,Yes,0,Graduate,No,4333,2451.0,110000.0,360.0,1.0,Urban,0,8.374015421739909,11.608235644774552,2019,2.0125
Female,No,0,Graduate,No,2500,0.0,67000.0,360.0,1.0,Urban,1,7.824046010856292,11.112447898373103,2021,1.8275000000000001
Male,No,1,Graduate,No,4384,1793.0,117000.0,360.0,1.0,Urban,1,8.385716828627851,11.669929213779893,2021,1.8275000000000001
Male,No,0,Graduate,No,2935,0.0,98000.0,360.0,1.0,Semiurban,1,7.984462732262196,11.49272275765271,2020,1.855
Male,No,0,Graduate,No,2833,0.0,71000.0,360.0,1.0,Urban,1,7.949091499830517,11.170435156023453,2016,2.51
Male,Yes,0,Graduate,No,63337,0.0,490000.0,180.0,1.0,Urban,1,11.05622495553552,13.102160670086809,2023,4.51
Male,Yes,1,Graduate,Yes,9833,1833.0,182000.0,180.0,1.0,Urban,1,9.193499354780156,12.111761966058932,2020,1.855
Male,Yes,0,Graduate,Yes,5503,4490.0,70000.0,360.0,1.0,Semiurban,1,8.613048677059759,11.156250521031495,2020,1.855
Male,Yes,1,Graduate,No,5250,688.0,160000.0,360.0,1.0,Rural,1,8.565983355585669,11.982929094215963,2022,2.1725
Male,Yes,2,Graduate,Yes,2500,4600.0,176000.0,360.0,1.0,Rural,1,7.824046010856292,12.078239274020289,2019,2.0125
Female,No,3+,Not Graduate,No,1830,0.0,128000.0,360.0,0.0,Urban,0,7.512071245835466,11.759785542901755,2021,1.8275000000000001
Female,No,0,Graduate,No,4160,0.0,71000.0,360.0,1.0,Semiurban,1,8.333270353255308,11.170435156023453,2019,2.0125
Male,Yes,3+,Not Graduate,No,2647,1587.0,173000.0,360.0,1.0,Rural,0,7.881182202227102,12.061046873479915,2018,2.185
Female,No,0,Graduate,No,2378,0.0,46000.0,360.0,1.0,Rural,0,7.774015077250727,10.736396675471232,2022,2.1725
Male,Yes,1,Not Graduate,No,4554,1229.0,158000.0,360.0,1.0,Urban,1,8.423761246623686,11.970350312009105,2023,4.51
Male,Yes,3+,Not Graduate,No,3173,0.0,74000.0,360.0,1.0,Semiurban,1,8.062432791583195,11.211820372186306,2019,2.0125
Male,Yes,2,Graduate,No,2583,2330.0,125000.0,360.0,1.0,Rural,1,7.8567067930958405,11.736069016284437,2017,2.3274999999999997
Male,Yes,0,Graduate,No,2499,2458.0,160000.0,360.0,1.0,Semiurban,1,7.823645930834952,11.982929094215963,2018,2.185
Male,Yes,0,Not Graduate,No,3523,3230.0,152000.0,360.0,0.0,Rural,0,8.167068178341237,11.931635799828413,2016,2.51
Male,Yes,2,Not Graduate,No,3083,2168.0,126000.0,360.0,1.0,Urban,1,8.03365842788615,11.744037185933616,2023,4.51
Male,Yes,0,Graduate,No,6333,4583.0,259000.0,360.0,1.0,Semiurban,1,8.753529336516431,12.464583340681674,2018,2.185
Male,Yes,0,Graduate,No,2625,6250.0,187000.0,360.0,1.0,Rural,1,7.872836175025724,12.138863895836725,2022,2.1725
Male,Yes,0,Graduate,No,9083,0.0,228000.0,360.0,1.0,Semiurban,1,9.114159813502214,12.337100907936577,2020,1.855
Male,No,0,Graduate,No,8750,4167.0,308000.0,360.0,1.0,Rural,0,9.07680897935166,12.637855061955712,2020,1.855
Male,Yes,3+,Graduate,No,2666,2083.0,95000.0,360.0,1.0,Rural,1,7.888334500738654,11.461632170582678,2022,2.1725
Female,Yes,0,Graduate,Yes,5500,0.0,105000.0,360.0,0.0,Rural,0,8.612503371220562,11.56171562913966,2024,4.5175
Female,Yes,0,Graduate,No,2423,505.0,130000.0,360.0,1.0,Semiurban,1,7.792761720816526,11.77528972943772,2020,1.855
Female,No,0,Graduate,No,3813,0.0,116000.0,180.0,1.0,Urban,1,8.246171559857563,11.661345470088502,2016,2.51
Male,Yes,2,Graduate,No,8333,3167.0,165000.0,360.0,1.0,Rural,1,9.027978814382207,12.013700752882718,2016,2.51
Male,Yes,1,Graduate,No,3875,0.0,67000.0,360.0,1.0,Urban,0,8.262300941787448,11.112447898373103,2017,2.3274999999999997
Male,Yes,0,Not Graduate,No,3000,1666.0,100000.0,480.0,0.0,Urban,0,8.006367567650246,11.512925464970229,2021,1.8275000000000001
Male,Yes,3+,Graduate,No,5167,3167.0,200000.0,360.0,1.0,Semiurban,1,8.550047528287184,12.206072645530174,2024,4.5175
Female,No,1,Graduate,No,4723,0.0,81000.0,360.0,1.0,Semiurban,0,8.460199469896118,11.302204433654575,2023,4.51
Male,Yes,2,Graduate,No,5000,3667.0,236000.0,360.0,1.0,Semiurban,1,8.517193191416238,12.371587084007746,2020,1.855
Male,Yes,0,Graduate,No,4750,2333.0,130000.0,360.0,1.0,Urban,1,8.465899897028686,11.77528972943772,2016,2.51
Male,Yes,0,Graduate,No,3013,3033.0,95000.0,300.0,1.0,Urban,1,8.0106915391303,11.461632170582678,2022,2.1725
Male,No,0,Graduate,Yes,6822,0.0,141000.0,360.0,1.0,Rural,1,8.82790796297859,11.856515169360305,2020,1.855
Male,No,0,Not Graduate,No,6216,0.0,133000.0,360.0,1.0,Rural,0,8.734881892047483,11.79810440720389,2021,1.8275000000000001
Male,No,0,Graduate,No,2500,0.0,96000.0,480.0,1.0,Semiurban,0,7.824046010856292,11.472103470449973,2022,2.1725
Male,No,0,Graduate,No,5124,0.0,124000.0,360.0,0.0,Rural,0,8.541690663016626,11.728036844587175,2018,2.185
Male,Yes,1,Graduate,No,6325,0.0,175000.0,360.0,1.0,Semiurban,1,8.752265313595721,12.072541252905651,2018,2.185
Male,Yes,0,Graduate,No,19730,5266.0,570000.0,360.0,1.0,Rural,0,9.889895599016661,13.253391639810733,2020,1.855
Female,No,0,Graduate,Yes,15759,0.0,55000.0,360.0,1.0,Semiurban,1,9.665166909622071,10.915088464214607,2021,1.8275000000000001
Male,Yes,2,Graduate,No,5185,0.0,155000.0,360.0,1.0,Semiurban,1,8.553525120663627,11.951180395901384,2024,4.5175
Male,Yes,2,Graduate,Yes,9323,7873.0,380000.0,300.0,1.0,Rural,1,9.140239744296693,12.84792653170257,2020,1.855
Male,No,1,Graduate,No,3062,1987.0,111000.0,180.0,0.0,Urban,0,8.026823576217629,11.617285480294472,2016,2.51
Female,No,0,Graduate,No,2764,1459.0,110000.0,360.0,1.0,Urban,1,7.92443418488756,11.608235644774552,2019,2.0125
Male,Yes,0,Graduate,No,4817,923.0,120000.0,180.0,1.0,Urban,1,8.479906606630221,11.695247021764184,2020,1.855
Male,Yes,3+,Graduate,No,8750,4996.0,130000.0,360.0,1.0,Rural,1,9.07680897935166,11.77528972943772,2020,1.855
Male,Yes,0,Graduate,No,4310,0.0,130000.0,360.0,1.0,Semiurban,1,8.368693183097793,11.77528972943772,2022,2.1725
Male,No,0,Graduate,No,3069,0.0,71000.0,480.0,1.0,Urban,0,8.029107054619736,11.170435156023453,2019,2.0125
Male,Yes,2,Graduate,No,5391,0.0,130000.0,360.0,1.0,Urban,1,8.592486175451668,11.77528972943772,2016,2.51
Male,Yes,0,Graduate,No,3333,2500.0,128000.0,360.0,1.0,Semiurban,1,8.11162807830774,11.759785542901755,2020,1.855
Male,No,0,Graduate,No,5941,4232.0,296000.0,360.0,1.0,Semiurban,1,8.689632748355741,12.598114733306197,2022,2.1725
Female,No,0,Graduate,No,6000,0.0,156000.0,360.0,1.0,Urban,1,8.699514748210191,11.957611286231675,2021,1.8275000000000001
Male,No,0,Graduate,Yes,7167,0.0,128000.0,360.0,1.0,Urban,1,8.877242435993919,11.759785542901755,2020,1.855
Male,Yes,2,Graduate,No,4566,0.0,100000.0,360.0,1.0,Urban,0,8.42639282708974,11.512925464970229,2019,2.0125
Male,No,1,Graduate,No,3667,0.0,113000.0,180.0,1.0,Urban,1,8.207129168071326,11.635143097694478,2017,2.3274999999999997
Male,No,0,Not Graduate,No,2346,1600.0,132000.0,360.0,1.0,Semiurban,1,7.76046702921342,11.790557201568507,2019,2.0125
Male,Yes,0,Not Graduate,No,3010,3136.0,128000.0,360.0,0.0,Urban,0,8.009695357742922,11.759785542901755,2018,2.185
Male,Yes,0,Graduate,No,2333,2417.0,136000.0,360.0,1.0,Urban,1,7.75491027202143,11.820410164718188,2016,2.51
Male,Yes,0,Graduate,No,5488,0.0,125000.0,360.0,1.0,Rural,1,8.610319169405722,11.736069016284437,2023,4.51
Male,No,3+,Graduate,No,9167,0.0,185000.0,360.0,1.0,Rural,1,9.123365357961776,12.128111104060462,2020,1.855
Male,Yes,3+,Graduate,No,9504,0.0,275000.0,360.0,1.0,Rural,1,9.159468041602427,12.524526376648708,2019,2.0125
Male,Yes,0,Graduate,No,2583,2115.0,120000.0,360.0,1.0,Urban,1,7.8567067930958405,11.695247021764184,2023,4.51
Male,Yes,2,Not Graduate,No,1993,1625.0,113000.0,180.0,1.0,Semiurban,1,7.597396320212795,11.635143097694478,2022,2.1725
Male,Yes,2,Graduate,No,3100,1400.0,113000.0,360.0,1.0,Urban,1,8.039157390473237,11.635143097694478,2017,2.3274999999999997
Male,Yes,2,Graduate,No,3276,484.0,135000.0,360.0,1.0,Semiurban,1,8.09437844497296,11.813030057420567,2016,2.51
Female,No,0,Graduate,No,3180,0.0,71000.0,360.0,0.0,Urban,0,8.064636475774222,11.170435156023453,2019,2.0125
Male,Yes,0,Graduate,No,3033,1459.0,95000.0,360.0,1.0,Urban,1,8.017307507688582,11.461632170582678,2023,4.51
Male,No,0,Not Graduate,No,3902,1666.0,109000.0,360.0,1.0,Rural,1,8.269244521183056,11.59910316121128,2017,2.3274999999999997
Female,No,0,Graduate,No,1500,1800.0,103000.0,360.0,0.0,Semiurban,0,7.313220387090301,11.542484267211773,2018,2.185
Male,Yes,2,Not Graduate,No,2889,0.0,45000.0,180.0,0.0,Urban,0,7.968665700466235,10.714417768752456,2016,2.51
Male,No,0,Not Graduate,No,2755,0.0,65000.0,300.0,1.0,Rural,0,7.9211727215870145,11.082142548877775,2016,2.51
Male,No,0,Graduate,No,2500,20000.0,103000.0,360.0,1.0,Semiurban,1,7.824046010856292,11.542484267211773,2018,2.185
Female,No,0,Not Graduate,No,1963,0.0,53000.0,360.0,1.0,Semiurban,1,7.5822291942764615,10.87804719253426,2020,1.855
Female,No,0,Graduate,Yes,7441,0.0,194000.0,360.0,1.0,Rural,0,8.914760527397261,12.175613438045465,2018,2.185
Female,No,0,Graduate,No,4547,0.0,115000.0,360.0,1.0,Semiurban,1,8.42222295382501,11.652687407345388,2016,2.51
Male,Yes,0,Not Graduate,No,2167,2400.0,115000.0,360.0,1.0,Urban,1,7.681099001536359,11.652687407345388,2016,2.51
Female,No,0,Not Graduate,No,2213,0.0,66000.0,360.0,1.0,Rural,1,7.70210434005105,11.097410021008562,2023,4.51
Male,Yes,1,Graduate,No,8300,0.0,152000.0,300.0,0.0,Semiurban,0,9.02401079378469,11.931635799828413,2017,2.3274999999999997
Male,Yes,3+,Graduate,No,81000,0.0,360000.0,360.0,0.0,Rural,0,11.302204433654575,12.793859310432293,2018,2.185
Female,No,1,Not Graduate,Yes,3867,0.0,62000.0,360.0,1.0,Semiurban,0,8.260234291607297,11.03488966402723,2017,2.3274999999999997
Male,Yes,0,Graduate,No,6256,0.0,160000.0,360.0,1.0,Urban,1,8.741296282225147,11.982929094215963,2018,2.185
Male,Yes,0,Not Graduate,No,6096,0.0,218000.0,360.0,0.0,Rural,0,8.715388097366482,12.292250341771226,2022,2.1725
Male,Yes,0,Not Graduate,No,2253,2033.0,110000.0,360.0,1.0,Rural,1,7.720017940432244,11.608235644774552,2016,2.51
Female,Yes,0,Not Graduate,No,2149,3237.0,178000.0,360.0,0.0,Semiurban,0,7.67275789664251,12.089538829274222,2023,4.51
Female,No,0,Graduate,No,2995,0.0,60000.0,360.0,1.0,Urban,1,8.00469951054955,11.002099841204238,2017,2.3274999999999997
Female,No,1,Graduate,No,2600,0.0,160000.0,360.0,1.0,Urban,0,7.8632667240095735,11.982929094215963,2018,2.185
Male,Yes,2,Graduate,Yes,1600,20000.0,239000.0,360.0,1.0,Urban,0,7.3777589082278725,12.384218830913648,2024,4.5175
Male,Yes,0,Graduate,No,1025,2773.0,112000.0,360.0,1.0,Rural,1,6.932447891572509,11.626254150277232,2022,2.1725
Male,Yes,0,Graduate,No,3246,1417.0,138000.0,360.0,1.0,Semiurban,1,8.085178748074537,11.835008964139341,2019,2.0125
Male,Yes,0,Graduate,No,5829,0.0,138000.0,360.0,1.0,Rural,1,8.67060073804555,11.835008964139341,2020,1.855
Female,No,0,Not Graduate,No,2720,0.0,80000.0,360.0,0.0,Urban,0,7.908387159290043,11.289781913656018,2017,2.3274999999999997
Male,Yes,0,Graduate,No,1820,1719.0,100000.0,360.0,1.0,Urban,1,7.506591780070841,11.512925464970229,2023,4.51
Male,Yes,1,Graduate,No,7250,1667.0,110000.0,360.0,0.0,Urban,0,8.88875674784872,11.608235644774552,2019,2.0125
Male,Yes,0,Graduate,No,14880,0.0,96000.0,360.0,1.0,Semiurban,1,9.607773308387083,11.472103470449973,2024,4.5175
Male,Yes,0,Graduate,No,2666,4300.0,121000.0,360.0,1.0,Rural,1,7.888334500738654,11.703545824578878,2020,1.855
Female,No,1,Not Graduate,No,4606,0.0,81000.0,360.0,1.0,Rural,0,8.43511508038063,11.302204433654575,2024,4.5175
Male,Yes,2,Graduate,No,5935,0.0,133000.0,360.0,1.0,Semiurban,1,8.688622307043769,11.79810440720389,2019,2.0125
Male,Yes,0,Graduate,No,2920,16.12000084,87000.0,360.0,1.0,Rural,1,7.979338895262328,11.37366339763672,2020,1.855
Male,No,0,Not Graduate,No,2717,0.0,60000.0,180.0,1.0,Urban,1,7.907283609426348,11.002099841204238,2024,4.5175
Female,No,1,Graduate,Yes,8624,0.0,150000.0,360.0,1.0,Semiurban,1,9.06230429314878,11.918390573078392,2023,4.51
Male,No,0,Graduate,No,6500,0.0,105000.0,360.0,0.0,Rural,0,8.779557455883728,11.56171562913966,2018,2.185
Male,No,0,Graduate,No,12876,0.0,405000.0,360.0,1.0,Semiurban,1,9.463120392418698,12.911642346088676,2016,2.51
Male,Yes,0,Graduate,No,2425,2340.0,143000.0,360.0,1.0,Semiurban,1,7.793586803371584,11.870599909242044,2018,2.185
Male,No,0,Graduate,No,3750,0.0,100000.0,360.0,1.0,Urban,1,8.229511118964457,11.512925464970229,2019,2.0125
Female,Yes,0,Graduate,No,10047,0.0,128000.0,240.0,1.0,Semiurban,1,9.215029361462314,11.759785542901755,2017,2.3274999999999997
Male,No,0,Graduate,No,1926,1851.0,50000.0,360.0,1.0,Semiurban,1,7.563200592358071,10.819778284410283,2016,2.51
Male,Yes,0,Graduate,No,2213,1125.0,128000.0,360.0,1.0,Urban,1,7.70210434005105,11.759785542901755,2022,2.1725
Male,No,0,Graduate,Yes,10416,0.0,187000.0,360.0,0.0,Urban,0,9.251098364448351,12.138863895836725,2023,4.51
Female,Yes,0,Not Graduate,Yes,7142,0.0,138000.0,360.0,1.0,Rural,1,8.873748128154395,11.835008964139341,2022,2.1725
Male,No,0,Graduate,No,3660,5064.0,187000.0,360.0,1.0,Semiurban,1,8.205218426395412,12.138863895836725,2020,1.855
Male,Yes,0,Graduate,No,7901,1833.0,180000.0,360.0,1.0,Rural,1,8.974744612722734,12.100712129872347,2016,2.51
Male,No,3+,Not Graduate,No,4707,1993.0,148000.0,360.0,1.0,Semiurban,1,8.456806041401142,11.904967552746252,2022,2.1725
Male,No,1,Graduate,No,37719,0.0,152000.0,360.0,1.0,Semiurban,1,10.537919225261291,11.931635799828413,2022,2.1725
Male,Yes,0,Graduate,No,7333,8333.0,175000.0,300.0,1.0,Rural,1,8.9001399880938,12.072541252905651,2024,4.5175
Male,Yes,1,Graduate,Yes,3466,1210.0,130000.0,360.0,1.0,Rural,1,8.150756470275551,11.77528972943772,2018,2.185
Male,Yes,2,Not Graduate,No,4652,0.0,110000.0,360.0,1.0,Rural,1,8.445052513638554,11.608235644774552,2024,4.5175
Male,Yes,0,Graduate,No,3539,1376.0,55000.0,360.0,1.0,Rural,0,8.171599480345463,10.915088464214607,2016,2.51
Male,Yes,2,Graduate,No,3340,1710.0,150000.0,360.0,0.0,Rural,0,8.113726085970747,11.918390573078392,2016,2.51
Male,No,1,Not Graduate,Yes,2769,1542.0,190000.0,360.0,1.0,Semiurban,0,7.926241523170962,12.154779351142624,2019,2.0125
Male,Yes,2,Not Graduate,No,2309,1255.0,125000.0,360.0,0.0,Rural,0,7.744569809354496,11.736069016284437,2024,4.5175
Male,Yes,2,Not Graduate,No,1958,1456.0,60000.0,300.0,1.0,Urban,1,7.579678823090456,11.002099841204238,2021,1.8275000000000001
Male,Yes,0,Graduate,No,3948,1733.0,149000.0,360.0,0.0,Rural,0,8.280964400553373,11.911701584927597,2018,2.185
Male,Yes,0,Graduate,No,2483,2466.0,90000.0,180.0,0.0,Rural,1,7.817222785508166,11.407564949312402,2016,2.51
Male,No,0,Graduate,Yes,7085,0.0,84000.0,360.0,1.0,Semiurban,1,8.865735152124781,11.33857207782545,2019,2.0125
Male,Yes,2,Graduate,No,3859,0.0,96000.0,360.0,1.0,Semiurban,1,8.258163361537619,11.472103470449973,2024,4.5175
Male,Yes,0,Graduate,No,4301,0.0,118000.0,360.0,1.0,Urban,1,8.366602832783736,11.678439903447801,2018,2.185
Male,Yes,0,Graduate,No,3708,2569.0,173000.0,360.0,1.0,Urban,0,8.218247926685745,12.061046873479915,2024,4.5175
Male,No,2,Graduate,No,4354,0.0,136000.0,360.0,1.0,Rural,1,8.378850241794492,11.820410164718188,2022,2.1725
Male,Yes,0,Graduate,No,8334,0.0,160000.0,360.0,1.0,Semiurban,0,9.0280988119824,11.982929094215963,2019,2.0125
Male,Yes,0,Graduate,Yes,2083,4083.0,160000.0,360.0,1.0,Semiurban,1,7.641564441260972,11.982929094215963,2018,2.185
Male,Yes,3+,Graduate,No,7740,0.0,128000.0,180.0,1.0,Urban,1,8.954156966583772,11.759785542901755,2020,1.855
Male,Yes,0,Graduate,No,3015,2188.0,153000.0,360.0,1.0,Rural,1,8.011355109161286,11.938193200374572,2020,1.855
Female,No,1,Not Graduate,No,5191,0.0,132000.0,360.0,1.0,Semiurban,1,8.55468163582723,11.790557201568507,2018,2.185
Male,No,0,Graduate,No,4166,0.0,98000.0,360.0,0.0,Semiurban,0,8.334711621820917,11.49272275765271,2024,4.5175
Male,No,0,Graduate,No,6000,0.0,140000.0,360.0,1.0,Rural,1,8.699514748210191,11.84939770159144,2019,2.0125
Male,Yes,3+,Not Graduate,No,2947,1664.0,70000.0,180.0,0.0,Urban,0,7.988542982737695,11.156250521031495,2020,1.855
Male,Yes,0,Graduate,No,16692,0.0,110000.0,360.0,1.0,Semiurban,1,9.722684841711443,11.608235644774552,2019,2.0125
Female,Yes,2,Not Graduate,No,210,2917.0,98000.0,360.0,1.0,Semiurban,1,5.3471075307174685,11.49272275765271,2020,1.855
Male,Yes,0,Graduate,No,4333,2451.0,110000.0,360.0,1.0,Urban,0,8.374015421739909,11.608235644774552,2022,2.1725
Male,Yes,1,Graduate,Yes,3450,2079.0,162000.0,360.0,1.0,Semiurban,1,8.146129510025405,11.99535161421452,2024,4.5175
Male,Yes,1,Not Graduate,No,2653,1500.0,113000.0,180.0,0.0,Rural,0,7.88344635413774,11.635143097694478,2022,2.1725
Male,Yes,3+,Graduate,No,4691,0.0,100000.0,360.0,1.0,Semiurban,1,8.453401058328458,11.512925464970229,2020,1.855
Female,No,0,Graduate,Yes,2500,0.0,93000.0,360.0,1.0,Urban,1,7.824046010856292,11.440354772135393,2022,2.1725
Male,No,2,Graduate,No,5532,4648.0,162000.0,360.0,1.0,Rural,1,8.61830469278465,11.99535161421452,2020,1.855
Male,Yes,2,Graduate,Yes,16525,1014.0,150000.0,360.0,1.0,Rural,1,9.712629664719888,11.918390573078392,2018,2.185
Male,Yes,2,Graduate,No,6700,1750.0,230000.0,300.0,1.0,Semiurban,1,8.809862805379057,12.345834587905333,2022,2.1725
Male,Yes,2,Graduate,No,2873,1872.0,132000.0,360.0,0.0,Semiurban,0,7.96311205897929,11.790557201568507,2017,2.3274999999999997
Male,Yes,1,Graduate,Yes,16667,2250.0,86000.0,360.0,1.0,Semiurban,1,9.721185995542177,11.362102575235644,2024,4.5175
Male,Yes,2,Graduate,No,2947,1603.0,128000.0,360.0,1.0,Urban,0,7.988542982737695,11.759785542901755,2016,2.51
Female,No,0,Not Graduate,No,4350,0.0,154000.0,360.0,1.0,Rural,1,8.37793112408273,11.944707881395766,2021,1.8275000000000001
Male,Yes,3+,Not Graduate,No,3095,0.0,113000.0,360.0,1.0,Rural,1,8.037543185118697,11.635143097694478,2022,2.1725
Male,Yes,0,Graduate,No,2083,3150.0,128000.0,360.0,1.0,Semiurban,1,7.641564441260972,11.759785542901755,2023,4.51
Male,Yes,0,Graduate,No,10833,0.0,234000.0,360.0,1.0,Semiurban,1,9.290352309945568,12.363076394339839,2024,4.5175
Male,Yes,2,Graduate,No,8333,0.0,246000.0,360.0,1.0,Semiurban,1,9.027978814382207,12.4130868149145,2017,2.3274999999999997
Male,Yes,1,Not Graduate,No,1958,2436.0,131000.0,360.0,1.0,Rural,1,7.579678823090456,11.782952602183288,2017,2.3274999999999997
Male,No,2,Graduate,No,3547,0.0,80000.0,360.0,0.0,Rural,0,8.173857454773621,11.289781913656018,2020,1.855
Male,Yes,1,Graduate,No,18333,0.0,500000.0,360.0,1.0,Urban,0,9.816457993563025,13.122363377404328,2020,1.855
Male,Yes,2,Graduate,Yes,4583,2083.0,160000.0,360.0,1.0,Semiurban,1,8.430109084509125,11.982929094215963,2021,1.8275000000000001
Male,No,0,Graduate,No,2435,0.0,75000.0,360.0,1.0,Urban,0,7.79770203551669,11.225243392518447,2018,2.185
Male,No,0,Not Graduate,No,2699,2785.0,96000.0,360.0,1.0,Semiurban,1,7.900636613018005,11.472103470449973,2023,4.51
Male,Yes,1,Not Graduate,No,5333,1131.0,186000.0,360.0,1.0,Urban,1,8.581669210600602,12.133501952695338,2016,2.51
Male,No,0,Not Graduate,No,3691,0.0,110000.0,360.0,1.0,Rural,1,8.213652703029998,11.608235644774552,2021,1.8275000000000001
Female,No,0,Not Graduate,Yes,17263,0.0,225000.0,360.0,1.0,Semiurban,1,9.756320761816548,12.323855681186558,2019,2.0125
Male,Yes,0,Graduate,No,3597,2157.0,119000.0,360.0,0.0,Rural,0,8.187855443695623,11.686878772093667,2016,2.51
Female,Yes,1,Graduate,No,3326,913.0,105000.0,84.0,1.0,Semiurban,1,8.109525659752872,11.56171562913966,2022,2.1725
Male,Yes,0,Not Graduate,No,2600,1700.0,107000.0,360.0,1.0,Rural,1,7.8632667240095735,11.580584113444043,2024,4.5175
Male,Yes,0,Graduate,No,4625,2857.0,111000.0,12.0,1.0,Urban,1,8.439231649946526,11.617285480294472,2019,2.0125
Male,Yes,1,Graduate,Yes,2895,0.0,95000.0,360.0,1.0,Semiurban,1,7.970740390007095,11.461632170582678,2019,2.0125
Male,No,0,Graduate,No,6283,4416.0,209000.0,360.0,0.0,Rural,0,8.745602852402946,12.250089530946948,2021,1.8275000000000001
Female,No,0,Graduate,No,645,3683.0,113000.0,480.0,1.0,Rural,1,6.4692503167957724,11.635143097694478,2018,2.185
Female,No,0,Graduate,No,3159,0.0,100000.0,360.0,1.0,Semiurban,1,8.058010800802085,11.512925464970229,2021,1.8275000000000001
Male,Yes,2,Graduate,No,4865,5624.0,208000.0,360.0,1.0,Semiurban,1,8.489821994620105,12.245293358683455,2022,2.1725
Male,Yes,1,Not Graduate,No,4050,5302.0,138000.0,360.0,1.0,Rural,0,8.306472160100585,11.835008964139341,2018,2.185
Male,Yes,0,Not Graduate,No,3814,1483.0,124000.0,300.0,1.0,Semiurban,1,8.246433786160365,11.728036844587175,2022,2.1725
Male,Yes,2,Graduate,No,3510,4416.0,243000.0,360.0,1.0,Rural,1,8.163371316459912,12.400816722322686,2018,2.185
Male,Yes,0,Graduate,No,20833,6667.0,480000.0,360.0,1.0,Urban,1,9.944293546928382,13.081541382884074,2017,2.3274999999999997
Male,No,0,Graduate,No,3583,0.0,96000.0,360.0,1.0,Urban,0,8.183955717304954,11.472103470449973,2019,2.0125
Male,Yes,0,Graduate,Yes,2479,3013.0,188000.0,360.0,1.0,Urban,1,7.8156105320351905,12.144197241812087,2023,4.51
Female,No,1,Graduate,No,13262,0.0,40000.0,360.0,1.0,Urban,1,9.492658081928813,10.596634733096073,2024,4.5175
Male,No,0,Not Graduate,No,3598,1287.0,100000.0,360.0,1.0,Rural,0,8.188133414510478,11.512925464970229,2022,2.1725
Male,Yes,1,Graduate,No,6065,2004.0,250000.0,360.0,1.0,Semiurban,1,8.71028982137815,12.429216196844383,2016,2.51
Male,Yes,2,Graduate,No,3283,2035.0,148000.0,360.0,1.0,Urban,1,8.096512917501594,11.904967552746252,2018,2.185
Male,Yes,0,Graduate,No,2130,6666.0,70000.0,180.0,1.0,Semiurban,0,7.6638772587034705,11.156250521031495,2024,4.5175
Male,No,0,Graduate,No,5815,3666.0,311000.0,360.0,1.0,Rural,0,8.668196064952765,12.647548191161372,2016,2.51
Male,Yes,3+,Graduate,No,3466,3428.0,150000.0,360.0,1.0,Rural,1,8.150756470275551,11.918390573078392,2024,4.5175
Female,Yes,2,Graduate,No,2031,1632.0,113000.0,480.0,1.0,Semiurban,1,7.616283561580385,11.635143097694478,2023,4.51
Male,Yes,0,Not Graduate,No,3074,1800.0,123000.0,360.0,0.0,Semiurban,0,8.03073492409854,11.719939634354555,2016,2.51
Male,No,0,Graduate,No,4683,1915.0,185000.0,360.0,1.0,Semiurban,0,8.451694209183541,12.128111104060462,2021,1.8275000000000001
Female,No,0,Not Graduate,No,3400,0.0,95000.0,360.0,1.0,Rural,0,8.131530710604252,11.461632170582678,2020,1.855
Male,Yes,2,Not Graduate,No,2192,1742.0,45000.0,360.0,1.0,Semiurban,1,7.692569648067906,10.714417768752456,2021,1.8275000000000001
Male,No,0,Graduate,No,2500,0.0,55000.0,360.0,1.0,Semiurban,1,7.824046010856292,10.915088464214607,2020,1.855
Male,Yes,3+,Graduate,Yes,5677,1424.0,100000.0,360.0,1.0,Rural,1,8.644178203170727,11.512925464970229,2021,1.8275000000000001
Male,Yes,2,Graduate,Yes,7948,7166.0,480000.0,360.0,1.0,Rural,1,8.980675603671708,13.081541382884074,2020,1.855
Male,No,0,Graduate,No,4680,2087.0,128000.0,360.0,1.0,Semiurban,0,8.451053388911692,11.759785542901755,2020,1.855
Male,Yes,2,Graduate,Yes,17500,0.0,400000.0,360.0,1.0,Rural,1,9.769956159911606,12.89921982609012,2019,2.0125
Male,Yes,0,Graduate,No,3775,0.0,110000.0,360.0,1.0,Semiurban,1,8.236155661683124,11.608235644774552,2018,2.185
Male,Yes,1,Not Graduate,No,5285,1430.0,161000.0,360.0,0.0,Semiurban,1,8.572627898304338,11.9891596439666,2018,2.185
Male,No,1,Not Graduate,No,2679,1302.0,94000.0,360.0,1.0,Semiurban,1,7.893198869544609,11.451050061252142,2019,2.0125
Male,No,0,Not Graduate,No,6783,0.0,130000.0,360.0,1.0,Semiurban,1,8.82217476094608,11.77528972943772,2024,4.5175
Male,Yes,0,Graduate,No,1025,5500.0,216000.0,360.0,1.0,Rural,1,6.932447891572509,12.283033686666302,2017,2.3274999999999997
Male,Yes,3+,Graduate,No,4281,0.0,100000.0,360.0,1.0,Urban,1,8.361941906144946,11.512925464970229,2024,4.5175
Male,No,2,Graduate,No,3588,0.0,110000.0,360.0,0.0,Rural,0,8.185350223178686,11.608235644774552,2016,2.51
Male,No,1,Graduate,No,11250,0.0,196000.0,360.0,1.0,Semiurban,0,9.328123407632566,12.185869938212655,2016,2.51
Female,No,0,Not Graduate,Yes,18165,0.0,125000.0,360.0,1.0,Urban,1,9.807251944655302,11.736069016284437,2020,1.855
Male,No,0,Not Graduate,No,2550,2042.0,126000.0,360.0,1.0,Rural,1,7.843848638152472,11.744037185933616,2021,1.8275000000000001
Male,Yes,0,Graduate,No,6133,3906.0,324000.0,360.0,1.0,Urban,1,8.721439305625983,12.688498794774466,2021,1.8275000000000001
Male,No,2,Graduate,No,3617,0.0,107000.0,360.0,1.0,Semiurban,1,8.193400231952097,11.580584113444043,2018,2.185
Male,Yes,0,Not Graduate,No,2917,536.0,66000.0,360.0,1.0,Rural,0,7.978310969867722,11.097410021008562,2022,2.1725
Male,Yes,3+,Graduate,No,6417,0.0,157000.0,180.0,1.0,Rural,1,8.766705997750515,11.964001084330445,2024,4.5175
Female,Yes,1,Graduate,No,4608,2845.0,140000.0,180.0,1.0,Semiurban,1,8.435549202375727,11.84939770159144,2023,4.51
Female,No,0,Graduate,No,2138,0.0,99000.0,360.0,0.0,Semiurban,0,7.6676260915849905,11.502875129116727,2021,1.8275000000000001
Female,No,1,Graduate,No,3652,0.0,95000.0,360.0,1.0,Semiurban,1,8.20303024171486,11.461632170582678,2023,4.51
Male,Yes,1,Not Graduate,No,2239,2524.0,128000.0,360.0,1.0,Urban,1,7.713784616598755,11.759785542901755,2020,1.855
Female,Yes,0,Not Graduate,No,3017,663.0,102000.0,360.0,1.0,Semiurban,1,8.012018239159062,11.532728092266408,2023,4.51
Male,Yes,0,Graduate,No,2768,1950.0,155000.0,360.0,1.0,Rural,1,7.92588031673756,11.951180395901384,2019,2.0125
Male,No,0,Not Graduate,No,3358,0.0,80000.0,36.0,1.0,Semiurban,0,8.119100837637486,11.289781913656018,2023,4.51
Male,No,0,Graduate,No,2526,1783.0,145000.0,360.0,1.0,Rural,1,7.8343923029104365,11.884489021402711,2017,2.3274999999999997
Female,No,0,Graduate,No,5000,0.0,103000.0,360.0,0.0,Semiurban,0,8.517193191416238,11.542484267211773,2020,1.855
Male,Yes,0,Graduate,No,2785,2016.0,110000.0,360.0,1.0,Rural,1,7.932003152361385,11.608235644774552,2024,4.5175
Male,Yes,2,Graduate,Yes,6633,0.0,128000.0,360.0,0.0,Rural,0,8.799812469525556,11.759785542901755,2019,2.0125
Male,Yes,1,Not Graduate,No,2492,2375.0,128000.0,360.0,1.0,Rural,1,7.820840879907344,11.759785542901755,2021,1.8275000000000001
Male,Yes,1,Graduate,No,3333,3250.0,158000.0,360.0,1.0,Urban,1,8.11162807830774,11.970350312009105,2016,2.51
Male,Yes,0,Not Graduate,No,2454,2333.0,181000.0,360.0,0.0,Urban,0,7.805474625270857,12.106252310247962,2024,4.5175
Male,Yes,0,Graduate,No,3593,4266.0,132000.0,180.0,0.0,Rural,0,8.186742787113518,11.790557201568507,2016,2.51
Male,Yes,1,Graduate,No,5468,1032.0,26000.0,360.0,1.0,Semiurban,1,8.60666819784384,10.165851817003619,2020,1.855
Female,No,0,Graduate,No,2667,1625.0,84000.0,360.0,1.0,Urban,1,7.888709524182015,11.33857207782545,2019,2.0125
Male,Yes,3+,Graduate,Yes,10139,0.0,260000.0,360.0,1.0,Semiurban,1,9.22414465295258,12.468436909997665,2018,2.185
Male,Yes,0,Graduate,No,3887,2669.0,162000.0,360.0,1.0,Semiurban,1,8.265392930852224,11.99535161421452,2021,1.8275000000000001
Female,Yes,0,Graduate,No,4180,2306.0,182000.0,360.0,1.0,Semiurban,1,8.338066525518801,12.111761966058932,2017,2.3274999999999997
Male,Yes,2,Not Graduate,No,3675,242.0,108000.0,360.0,1.0,Semiurban,1,8.209308411646937,11.589886506106357,2018,2.185
Female,Yes,1,Graduate,Yes,19484,0.0,600000.0,360.0,1.0,Semiurban,1,9.877348894926433,13.304684934198283,2020,1.855
Male,Yes,0,Graduate,No,5923,2054.0,211000.0,360.0,1.0,Rural,1,8.686598356276965,12.259613412458204,2024,4.5175
Male,No,0,Not Graduate,Yes,5800,0.0,132000.0,360.0,1.0,Semiurban,1,8.66561319653451,11.790557201568507,2017,2.3274999999999997
Male,Yes,2,Graduate,No,8799,0.0,258000.0,360.0,0.0,Urban,0,9.08239335764556,12.460714863903755,2023,4.51
Male,Yes,0,Not Graduate,No,4467,0.0,120000.0,360.0,1.0,Rural,1,8.404472321352118,11.695247021764184,2017,2.3274999999999997
Male,No,0,Graduate,No,3333,0.0,70000.0,360.0,1.0,Urban,1,8.11162807830774,11.156250521031495,2020,1.855
Male,Yes,3+,Graduate,No,3400,2500.0,123000.0,360.0,0.0,Rural,0,8.131530710604252,11.719939634354555,2022,2.1725
Female,No,0,Graduate,No,2378,0.0,9000.0,360.0,1.0,Urban,0,7.774015077250727,9.104979856318357,2023,4.51
Male,Yes,0,Graduate,No,3166,2064.0,104000.0,360.0,0.0,Urban,0,8.060224240440958,11.55214617812351,2016,2.51
Male,Yes,1,Graduate,No,3417,1750.0,186000.0,360.0,1.0,Urban,1,8.136518252115291,12.133501952695338,2021,1.8275000000000001
Male,Yes,0,Graduate,No,5116,1451.0,165000.0,360.0,0.0,Urban,0,8.540128162698734,12.013700752882718,2016,2.51
Male,Yes,2,Graduate,No,16666,0.0,275000.0,360.0,1.0,Urban,1,9.721125994942152,12.524526376648708,2017,2.3274999999999997
Male,Yes,2,Not Graduate,No,6125,1625.0,187000.0,480.0,1.0,Semiurban,0,8.720134035412928,12.138863895836725,2016,2.51
Male,Yes,3+,Graduate,No,6406,0.0,150000.0,360.0,1.0,Semiurban,0,8.764990330169104,11.918390573078392,2020,1.855
Male,Yes,2,Graduate,No,3159,461.0,108000.0,84.0,1.0,Urban,1,8.058010800802085,11.589886506106357,2024,4.5175
Male,Yes,0,Graduate,No,3087,2210.0,136000.0,360.0,0.0,Semiurban,0,8.034955024502159,11.820410164718188,2021,1.8275000000000001
Male,No,0,Graduate,No,3229,2739.0,110000.0,360.0,1.0,Urban,1,8.079927770758275,11.608235644774552,2016,2.51
Male,Yes,1,Graduate,No,1782,2232.0,107000.0,360.0,1.0,Rural,1,7.485491608030754,11.580584113444043,2016,2.51
Male,No,0,Graduate,No,3182,2917.0,161000.0,360.0,1.0,Urban,1,8.065265208897733,11.9891596439666,2017,2.3274999999999997
Male,Yes,2,Graduate,No,6540,0.0,205000.0,360.0,1.0,Semiurban,1,8.785692444451245,12.230765258120545,2024,4.5175
Male,No,0,Graduate,No,1836,33837.0,90000.0,360.0,1.0,Urban,0,7.515344571180436,11.407564949312402,2018,2.185
Female,Yes,0,Graduate,No,3166,0.0,36000.0,360.0,1.0,Semiurban,1,8.060224240440958,10.491274217438248,2016,2.51
Male,Yes,1,Graduate,No,1880,0.0,61000.0,360.0,1.0,Rural,0,7.539027055823995,11.018629143155449,2020,1.855
Male,Yes,1,Graduate,No,2787,1917.0,146000.0,360.0,0.0,Rural,0,7.932721027481948,11.891361900690473,2022,2.1725
Male,Yes,1,Graduate,No,4283,3000.0,172000.0,84.0,1.0,Rural,0,8.36240897761537,12.05524975579559,2021,1.8275000000000001
Male,Yes,0,Graduate,No,2297,1522.0,104000.0,360.0,1.0,Urban,1,7.739359202689098,11.55214617812351,2016,2.51
Female,No,0,Not Graduate,No,2165,0.0,70000.0,360.0,1.0,Semiurban,1,7.68017564043659,11.156250521031495,2020,1.855
Male,No,0,Graduate,No,4750,0.0,94000.0,360.0,1.0,Semiurban,1,8.465899897028686,11.451050061252142,2020,1.855
Male,Yes,2,Graduate,Yes,2726,0.0,106000.0,360.0,0.0,Semiurban,0,7.9105906122564775,11.571194373094205,2021,1.8275000000000001
Male,Yes,0,Graduate,No,3000,3416.0,56000.0,180.0,1.0,Semiurban,1,8.006367567650246,10.933106969717286,2018,2.185
Male,Yes,2,Graduate,Yes,6000,0.0,205000.0,240.0,1.0,Semiurban,0,8.699514748210191,12.230765258120545,2020,1.855
Male,No,3+,Graduate,Yes,9357,0.0,292000.0,360.0,1.0,Semiurban,1,9.143880005275912,12.584509081250419,2022,2.1725
Male,Yes,0,Graduate,No,3859,3300.0,142000.0,180.0,1.0,Rural,1,8.258163361537619,11.863582336583399,2020,1.855
Male,Yes,0,Graduate,Yes,16120,0.0,260000.0,360.0,1.0,Urban,1,9.68781601606062,12.468436909997665,2020,1.855
Male,No,0,Not Graduate,No,3833,0.0,110000.0,360.0,1.0,Rural,1,8.251403065380556,11.608235644774552,2020,1.855
Male,Yes,2,Not Graduate,Yes,6383,1000.0,187000.0,360.0,1.0,Rural,0,8.761393485256058,12.138863895836725,2018,2.185
Male,No,0,Graduate,No,2987,0.0,88000.0,360.0,0.0,Semiurban,0,8.00202481821611,11.385092093460344,2016,2.51
Male,Yes,0,Graduate,Yes,9963,0.0,180000.0,360.0,1.0,Rural,1,9.206633510044856,12.100712129872347,2020,1.855
Male,Yes,2,Graduate,No,5780,0.0,192000.0,360.0,1.0,Urban,1,8.662158961666423,12.165250651009918,2024,4.5175
Female,No,3+,Graduate,No,416,41667.0,350000.0,180.0,1.0,Urban,0,6.030685260261263,12.765688433465597,2016,2.51
Male,Yes,0,Not Graduate,No,2894,2792.0,155000.0,360.0,1.0,Rural,1,7.970394907191429,11.951180395901384,2018,2.185
Male,Yes,3+,Graduate,No,5703,0.0,128000.0,360.0,1.0,Urban,1,8.648747631156539,11.759785542901755,2019,2.0125
Male,No,0,Graduate,No,3676,4301.0,172000.0,360.0,1.0,Rural,1,8.209580483475577,12.05524975579559,2016,2.51
Female,Yes,1,Graduate,No,12000,0.0,496000.0,360.0,1.0,Semiurban,1,9.392661928770137,13.114331205707064,2016,2.51
Male,Yes,0,Not Graduate,No,2400,3800.0,128000.0,180.0,1.0,Urban,0,7.783224016336037,11.759785542901755,2023,4.51
Male,Yes,1,Graduate,No,3400,2500.0,173000.0,360.0,1.0,Semiurban,1,8.131530710604252,12.061046873479915,2017,2.3274999999999997
Male,Yes,2,Not Graduate,No,3987,1411.0,157000.0,360.0,1.0,Rural,1,8.290794347381356,11.964001084330445,2023,4.51
Male,Yes,0,Graduate,No,3232,1950.0,108000.0,360.0,1.0,Rural,1,8.080856419640986,11.589886506106357,2022,2.1725
Female,No,0,Graduate,No,2900,0.0,71000.0,360.0,1.0,Rural,1,7.9724660159745655,11.170435156023453,2017,2.3274999999999997
Male,Yes,3+,Graduate,No,4106,0.0,40000.0,180.0,1.0,Rural,1,8.32020459757888,10.596634733096073,2021,1.8275000000000001
Male,Yes,1,Graduate,No,8072,240.0,253000.0,360.0,1.0,Urban,1,8.996156562033445,12.441144767709657,2021,1.8275000000000001
Male,Yes,2,Graduate,No,7583,0.0,187000.0,360.0,1.0,Urban,1,8.933664178700935,12.138863895836725,2018,2.185
Female,No,0,Graduate,Yes,4583,0.0,133000.0,360.0,0.0,Semiurban,0,8.430109084509125,11.79810440720389,2017,2.3274999999999997
